Product URL,Product Name,Product Price,Rating,Number of Reviews,Description,ASIN,Product Description,Manufacturer
https://www.amazon.in/American-Tourister-AMT-SCH-02/dp/B07CJCGM1M/ref=sr_1_1?crid=2M096C61O4MLT&keywords=bags&qid=1689951463&sprefix=ba%2Caps%2C283&sr=8-1,American Tourister Fizz Large Size 32 Ltrs Casual Backpack (BLACK),"₹1,199",4.0,"54,966",Not available,Not available,Not available
https://www.amazon.in/Wesley-Milestone-Waterproof-Backpack-Business/dp/B084JGJ8PF/ref=ice_ac_b_dpb?crid=2M096C61O4MLT&keywords=bags&qid=1689951463&sprefix=ba%2Caps%2C283&sr=8-2,Wesley Milestone 2.0 Casual Waterproof Laptop Backpack/Office Bag/School Bag/College Bag/Business Bag/Travel Backpack (Dimensions:13x18 inches) (Compatible with 39.62cm(15.6inch laptop) 30 L (Blue & black),₹550,4.3,"11,800",Not available,Not available,Not available
https://www.amazon.in/Skybags-Brat-Black-Casual-Backpack/dp/B08Z1HHHTD/ref=sr_1_3?crid=2M096C61O4MLT&keywords=bags&qid=1689951463&sprefix=ba%2Caps%2C283&sr=8-3,Skybags Brat Black 46 Cms Casual Backpack,₹669,4.1,"5,158",Not available,Not available,Not available
https://www.amazon.in/Half-Moon-Waterproof-Backpack-Students/dp/B085MHDJ93/ref=sr_1_4?crid=2M096C61O4MLT&keywords=bags&qid=1689951463&sprefix=ba%2Caps%2C283&sr=8-4,"Half Moon 35 Ltrs Water Resistant 15.6 inch Laptop Bag for Men/Backpack for Men, Navy Blue | Office Bag for Men/Office Bag for Women with Padded Laptop Compartment | Rain Cover & Reflective Strips",₹649,3.9,"16,557",Not available,Not available,Not available
https://www.amazon.in/Half-Moon-Backpack-Luggage-Compartment/dp/B09VCLZ3K4/ref=sr_1_5?crid=2M096C61O4MLT&keywords=bags&qid=1689951463&sprefix=ba%2Caps%2C283&sr=8-5,Half Moon Large 37L Laptop Bag Backpack for menं Women Boys and Girls Luggage Travel Bags with 17.3 inches Laptop Compartment & Rain Cover,₹849,3.9,"3,204",Not available,Not available,Not available
https://www.amazon.in/gp/bestsellers/computers/1375464031/ref=sr_bs_5_1375464031_1,"American Tourister VALEX BLACK LAPTOP BACKPACK 28 Ltrs,Volume, LAPTOP COMPARTMENT, BOTTLE POCKET, FRONT ORGANIZER","₹1,199",4.3,538,Not available,Not available,Not available
https://www.amazon.in/Wesley-Spartan-Hiking-Raincover-Organiser/dp/B098QFF5TJ/ref=sr_1_7?crid=2M096C61O4MLT&keywords=bags&qid=1689951463&sprefix=ba%2Caps%2C283&sr=8-7,Wesley Spartan Unisex Travel Hiking Laptop Bag fits Upto 17.3 inch with Raincover and Internal Organiser Backpack Rucksack College Bag,₹749,4.1,"1,542",Not available,Not available,Not available
https://www.amazon.in/Hammonds-Flycatcher-Leather-Messenger-LB190BRN/dp/B083M1QK32/ref=sr_1_8?crid=2M096C61O4MLT&keywords=bags&qid=1689951463&sprefix=ba%2Caps%2C283&sr=8-8,HAMMONDS FLYCATCHER Laptop Bag for Men - Genuine Leather Messenger Shoulder Bag - Fits 14/15.6/16 Inch Laptops - Brown Office Bag - Multiple Pockets -Water Resistant -Executive Bag for Work and Travel,"₹5,255",4.4,570,Not available,Not available,Visit the HAMMONDS FLYCATCHER Store
https://www.amazon.in/Gear-Classic-Leather-Backpack-LBPCLSLTH0201/dp/B07G4F6XFH/ref=sr_1_9?crid=2M096C61O4MLT&keywords=bags&qid=1689951463&sprefix=ba%2Caps%2C283&sr=8-9,Gear Classic 20L Faux Leather Water Resistant Anti Theft Laptop Bag/Backpack for Men/Women (Brown),₹987,4.4,"5,911",Not available,Not available,Visit the Gear Store
https://www.amazon.in/SAFARI-Ltrs-Casual-Backpack-DAYPACKNEO15CBSEB/dp/B07Q7CNPMV/ref=sr_1_10?crid=2M096C61O4MLT&keywords=bags&qid=1689951463&sprefix=ba%2Caps%2C283&sr=8-10,Safari Compact Size 15 Ltrs Casual Backpack For Unisex Adult - Sea Blue,₹248,4.0,"19,962",Not available,Not available,Not available
https://www.amazon.in/TRUE-HUMAN-Anti-Theft-backpack-charging/dp/B09QJ7ZF2Y/ref=sr_1_11?crid=2M096C61O4MLT&keywords=bags&qid=1689951463&sprefix=ba%2Caps%2C283&sr=8-11,"TRUE HUMAN Emperor Anti-Theft backpack With USB charging Port Laptop Bag, Office bag, college bag and anti -theft back pocket (Black)",₹689,3.8,"2,297",Not available,Not available,Visit the TRUE HUMAN Store
https://www.amazon.in/Gear-Black-Laptop-Backpack-LBPASPIRE0104/dp/B075MK4TXP/ref=sr_1_12?crid=2M096C61O4MLT&keywords=bags&qid=1689951463&sprefix=ba%2Caps%2C283&sr=8-12,Gear Cello 30 Ltrs Black Laptop Backpack (LBPASPIRE0104),"₹1,125",4.4,"5,889",Not available,Not available,Not available
https://www.amazon.in/Lenovo-15-6-Inches-Everyday-Backpack/dp/B08R7RPVJF/ref=sr_1_13?crid=2M096C61O4MLT&keywords=bags&qid=1689951463&sprefix=ba%2Caps%2C283&sr=8-13,"Lenovo 15.6"" (39.62cm) Slim Everyday Backpack, Made in India, Compact, Water-resistant, Organized storage:Laptop sleeve,tablet pocket,front workstation,2-side pockets,Padded adjustable shoulder straps",₹839,4.3,"3,661",Not available,Not available,Not available
https://www.amazon.in/ADISA-Laptop-Backpack-Office-College/dp/B09TPX22NF/ref=sr_1_14?crid=2M096C61O4MLT&keywords=bags&qid=1689951463&sprefix=ba%2Caps%2C283&sr=8-14,ADISA 15.6 inch Laptop Backpack Office Bag College Travel Back Pack 32 Ltrs (z-Navy Blue),₹549,3.9,"1,008",Not available,Not available,Not available
https://www.amazon.in/GEAR-Black-Blue-Backpack-years/dp/B019HA8AYG/ref=sr_1_15?crid=2M096C61O4MLT&keywords=bags&qid=1689951463&sprefix=ba%2Caps%2C283&sr=8-15,Gear CarryOn 16L Foldable Water Resistant School Bag//Backpack/College Bag for Men/Women - Blue Black,₹229,3.7,"6,818",Not available,Not available,Not available
https://www.amazon.in/Swisslook-Polyester-15-6-inch-Backpack-Waterproof/dp/B07XYTZP4Z/ref=sr_1_16?crid=2M096C61O4MLT&keywords=bags&qid=1689951463&sprefix=ba%2Caps%2C283&sr=8-16,Red Lemon Swisslook Polyester Bange Series 45L 15.6-inch Laptop Bags Backpack for Men and Women Semi Waterproof USB with Anti Theft Pocket Travel Backpack,"₹2,839",4.3,"1,699",Not available,Not available,Not available
https://www.amazon.in/American-Tourister-AMT-SCH-02/dp/B07CJCGM1M/ref=sr_1_1?crid=2M096C61O4MLT&keywords=bags&qid=1689951502&sprefix=ba%2Caps%2C283&sr=8-1,American Tourister Fizz Large Size 32 Ltrs Casual Backpack (BLACK),"₹1,199",4.0,"54,966",Not available,Not available,Not available
https://www.amazon.in/Wesley-Milestone-Waterproof-Backpack-Business/dp/B084JGJ8PF/ref=ice_ac_b_dpb?crid=2M096C61O4MLT&keywords=bags&qid=1689951502&sprefix=ba%2Caps%2C283&sr=8-2,Wesley Milestone 2.0 Casual Waterproof Laptop Backpack/Office Bag/School Bag/College Bag/Business Bag/Travel Backpack (Dimensions:13x18 inches) (Compatible with 39.62cm(15.6inch laptop) 30 L (Blue & black),₹550,4.3,"11,800",Not available,Not available,Not available
https://www.amazon.in/Skybags-Brat-Black-Casual-Backpack/dp/B08Z1HHHTD/ref=sr_1_3?crid=2M096C61O4MLT&keywords=bags&qid=1689951502&sprefix=ba%2Caps%2C283&sr=8-3,Skybags Brat Black 46 Cms Casual Backpack,₹669,4.1,"5,158",Not available,Not available,Not available
https://www.amazon.in/Half-Moon-Waterproof-Backpack-Students/dp/B085MHDJ93/ref=sr_1_4?crid=2M096C61O4MLT&keywords=bags&qid=1689951502&sprefix=ba%2Caps%2C283&sr=8-4,"Half Moon 35 Ltrs Water Resistant 15.6 inch Laptop Bag for Men/Backpack for Men, Navy Blue | Office Bag for Men/Office Bag for Women with Padded Laptop Compartment | Rain Cover & Reflective Strips",₹649,3.9,"16,557",Not available,Not available,Not available
https://www.amazon.in/Half-Moon-Backpack-Luggage-Compartment/dp/B09VCLZ3K4/ref=sr_1_5?crid=2M096C61O4MLT&keywords=bags&qid=1689951502&sprefix=ba%2Caps%2C283&sr=8-5,Half Moon Large 37L Laptop Bag Backpack for menं Women Boys and Girls Luggage Travel Bags with 17.3 inches Laptop Compartment & Rain Cover,₹849,3.9,"3,204",Not available,Not available,Not available
https://www.amazon.in/gp/bestsellers/computers/1375464031/ref=sr_bs_5_1375464031_1,"American Tourister VALEX BLACK LAPTOP BACKPACK 28 Ltrs,Volume, LAPTOP COMPARTMENT, BOTTLE POCKET, FRONT ORGANIZER","₹1,199",4.3,538,Not available,Not available,Not available
https://www.amazon.in/Wesley-Spartan-Hiking-Raincover-Organiser/dp/B098QFF5TJ/ref=sr_1_7?crid=2M096C61O4MLT&keywords=bags&qid=1689951502&sprefix=ba%2Caps%2C283&sr=8-7,Wesley Spartan Unisex Travel Hiking Laptop Bag fits Upto 17.3 inch with Raincover and Internal Organiser Backpack Rucksack College Bag,₹749,4.1,"1,542",Not available,Not available,Not available
https://www.amazon.in/Hammonds-Flycatcher-Leather-Messenger-LB190BRN/dp/B083M1QK32/ref=sr_1_8?crid=2M096C61O4MLT&keywords=bags&qid=1689951502&sprefix=ba%2Caps%2C283&sr=8-8,HAMMONDS FLYCATCHER Laptop Bag for Men - Genuine Leather Messenger Shoulder Bag - Fits 14/15.6/16 Inch Laptops - Brown Office Bag - Multiple Pockets -Water Resistant -Executive Bag for Work and Travel,"₹5,255",4.4,570,Not available,Not available,Not available
https://www.amazon.in/Gear-Classic-Leather-Backpack-LBPCLSLTH0201/dp/B07G4F6XFH/ref=sr_1_9?crid=2M096C61O4MLT&keywords=bags&qid=1689951502&sprefix=ba%2Caps%2C283&sr=8-9,Gear Classic 20L Faux Leather Water Resistant Anti Theft Laptop Bag/Backpack for Men/Women (Brown),₹987,4.4,"5,911",Not available,Not available,Not available
https://www.amazon.in/SAFARI-Ltrs-Casual-Backpack-DAYPACKNEO15CBSEB/dp/B07Q7CNPMV/ref=sr_1_10?crid=2M096C61O4MLT&keywords=bags&qid=1689951502&sprefix=ba%2Caps%2C283&sr=8-10,Safari Compact Size 15 Ltrs Casual Backpack For Unisex Adult - Sea Blue,₹248,4.0,"19,962",Not available,Not available,Not available
https://www.amazon.in/Gear-Black-Laptop-Backpack-LBPASPIRE0104/dp/B075MK4TXP/ref=sr_1_11?crid=2M096C61O4MLT&keywords=bags&qid=1689951502&sprefix=ba%2Caps%2C283&sr=8-11,Gear Cello 30 Ltrs Black Laptop Backpack (LBPASPIRE0104),"₹1,125",4.4,"5,889",Not available,Not available,Not available
https://www.amazon.in/TRUE-HUMAN-Anti-Theft-backpack-charging/dp/B09QJ7ZF2Y/ref=sr_1_12?crid=2M096C61O4MLT&keywords=bags&qid=1689951502&sprefix=ba%2Caps%2C283&sr=8-12,"TRUE HUMAN Emperor Anti-Theft backpack With USB charging Port Laptop Bag, Office bag, college bag and anti -theft back pocket (Black)",₹689,3.8,"2,297",Not available,Not available,Not available
https://www.amazon.in/Lenovo-15-6-Inches-Everyday-Backpack/dp/B08R7RPVJF/ref=sr_1_13?crid=2M096C61O4MLT&keywords=bags&qid=1689951502&sprefix=ba%2Caps%2C283&sr=8-13,"Lenovo 15.6"" (39.62cm) Slim Everyday Backpack, Made in India, Compact, Water-resistant, Organized storage:Laptop sleeve,tablet pocket,front workstation,2-side pockets,Padded adjustable shoulder straps",₹839,4.3,"3,661",Not available,Not available,Not available
https://www.amazon.in/ADISA-Laptop-Backpack-Office-College/dp/B09TPX22NF/ref=sr_1_14?crid=2M096C61O4MLT&keywords=bags&qid=1689951502&sprefix=ba%2Caps%2C283&sr=8-14,ADISA 15.6 inch Laptop Backpack Office Bag College Travel Back Pack 32 Ltrs (z-Navy Blue),₹549,3.9,"1,008",Not available,Not available,Not available
https://www.amazon.in/GEAR-Black-Blue-Backpack-years/dp/B019HA8AYG/ref=sr_1_15?crid=2M096C61O4MLT&keywords=bags&qid=1689951502&sprefix=ba%2Caps%2C283&sr=8-15,Gear CarryOn 16L Foldable Water Resistant School Bag//Backpack/College Bag for Men/Women - Blue Black,₹229,3.7,"6,818",Not available,Not available,Not available
https://www.amazon.in/NORTH-ZONE-Waterproof-Backpack-Dimensions/dp/B0BS6QQZYN/ref=sr_1_16?crid=2M096C61O4MLT&keywords=bags&qid=1689951502&sprefix=ba%2Caps%2C283&sr=8-16,NORTH ZONE Casual Waterproof Laptop Backpack/Office Bag/School Bag/College Bag/Business Bag/Travel Backpack (Dimensions:13x18 inches) (Compatible with 39.62cm(15.6inch laptop) 30 L,₹499,4.0,469,Not available,Not available,Not available
https://www.amazon.in/American-Tourister-AMT-SCH-02/dp/B07CJCGM1M/ref=sr_1_1?crid=2M096C61O4MLT&keywords=bags&qid=1689951530&sprefix=ba%2Caps%2C283&sr=8-1,American Tourister Fizz Large Size 32 Ltrs Casual Backpack (BLACK),"₹1,199",4.0,"54,966",Not available,Not available,Not available
https://www.amazon.in/Wesley-Milestone-Waterproof-Backpack-Business/dp/B084JGJ8PF/ref=ice_ac_b_dpb?crid=2M096C61O4MLT&keywords=bags&qid=1689951530&sprefix=ba%2Caps%2C283&sr=8-2,Wesley Milestone 2.0 Casual Waterproof Laptop Backpack/Office Bag/School Bag/College Bag/Business Bag/Travel Backpack (Dimensions:13x18 inches) (Compatible with 39.62cm(15.6inch laptop) 30 L (Blue & black),₹550,4.3,"11,800",Not available,Not available,Not available
https://www.amazon.in/Skybags-Brat-Black-Casual-Backpack/dp/B08Z1HHHTD/ref=sr_1_3?crid=2M096C61O4MLT&keywords=bags&qid=1689951530&sprefix=ba%2Caps%2C283&sr=8-3,Skybags Brat Black 46 Cms Casual Backpack,₹669,4.1,"5,158",Not available,Not available,Not available
https://www.amazon.in/Half-Moon-Waterproof-Backpack-Students/dp/B085MHDJ93/ref=sr_1_4?crid=2M096C61O4MLT&keywords=bags&qid=1689951530&sprefix=ba%2Caps%2C283&sr=8-4,"Half Moon 35 Ltrs Water Resistant 15.6 inch Laptop Bag for Men/Backpack for Men, Navy Blue | Office Bag for Men/Office Bag for Women with Padded Laptop Compartment | Rain Cover & Reflective Strips",₹649,3.9,"16,557",Not available,Not available,Not available
https://www.amazon.in/Half-Moon-Backpack-Luggage-Compartment/dp/B09VCLZ3K4/ref=sr_1_5?crid=2M096C61O4MLT&keywords=bags&qid=1689951530&sprefix=ba%2Caps%2C283&sr=8-5,Half Moon Large 37L Laptop Bag Backpack for menं Women Boys and Girls Luggage Travel Bags with 17.3 inches Laptop Compartment & Rain Cover,₹849,3.9,"3,204",Not available,Not available,Not available
https://www.amazon.in/gp/bestsellers/computers/1375464031/ref=sr_bs_5_1375464031_1,"American Tourister VALEX BLACK LAPTOP BACKPACK 28 Ltrs,Volume, LAPTOP COMPARTMENT, BOTTLE POCKET, FRONT ORGANIZER","₹1,199",4.3,538,Not available,Not available,Not available
https://www.amazon.in/Wesley-Spartan-Hiking-Raincover-Organiser/dp/B098QFF5TJ/ref=sr_1_7?crid=2M096C61O4MLT&keywords=bags&qid=1689951530&sprefix=ba%2Caps%2C283&sr=8-7,Wesley Spartan Unisex Travel Hiking Laptop Bag fits Upto 17.3 inch with Raincover and Internal Organiser Backpack Rucksack College Bag,₹749,4.1,"1,542",Not available,Not available,Not available
https://www.amazon.in/Hammonds-Flycatcher-Leather-Messenger-LB190BRN/dp/B083M1QK32/ref=sr_1_8?crid=2M096C61O4MLT&keywords=bags&qid=1689951530&sprefix=ba%2Caps%2C283&sr=8-8,HAMMONDS FLYCATCHER Laptop Bag for Men - Genuine Leather Messenger Shoulder Bag - Fits 14/15.6/16 Inch Laptops - Brown Office Bag - Multiple Pockets -Water Resistant -Executive Bag for Work and Travel,"₹5,255",4.4,570,Not available,Not available,Not available
https://www.amazon.in/Gear-Classic-Leather-Backpack-LBPCLSLTH0201/dp/B07G4F6XFH/ref=sr_1_9?crid=2M096C61O4MLT&keywords=bags&qid=1689951530&sprefix=ba%2Caps%2C283&sr=8-9,Gear Classic 20L Faux Leather Water Resistant Anti Theft Laptop Bag/Backpack for Men/Women (Brown),₹987,4.4,"5,911",Not available,Not available,Not available
https://www.amazon.in/SAFARI-Ltrs-Casual-Backpack-DAYPACKNEO15CBSEB/dp/B07Q7CNPMV/ref=sr_1_10?crid=2M096C61O4MLT&keywords=bags&qid=1689951530&sprefix=ba%2Caps%2C283&sr=8-10,Safari Compact Size 15 Ltrs Casual Backpack For Unisex Adult - Sea Blue,₹248,4.0,"19,962",Not available,Not available,Not available
https://www.amazon.in/Gear-Black-Laptop-Backpack-LBPASPIRE0104/dp/B075MK4TXP/ref=sr_1_11?crid=2M096C61O4MLT&keywords=bags&qid=1689951530&sprefix=ba%2Caps%2C283&sr=8-11,Gear Cello 30 Ltrs Black Laptop Backpack (LBPASPIRE0104),"₹1,125",4.4,"5,889",Not available,Not available,Not available
https://www.amazon.in/TRUE-HUMAN-Anti-Theft-backpack-charging/dp/B09QJ7ZF2Y/ref=sr_1_12?crid=2M096C61O4MLT&keywords=bags&qid=1689951530&sprefix=ba%2Caps%2C283&sr=8-12,"TRUE HUMAN Emperor Anti-Theft backpack With USB charging Port Laptop Bag, Office bag, college bag and anti -theft back pocket (Black)",₹689,3.8,"2,297",Not available,Not available,Not available
https://www.amazon.in/Lenovo-15-6-Inches-Everyday-Backpack/dp/B08R7RPVJF/ref=sr_1_13?crid=2M096C61O4MLT&keywords=bags&qid=1689951530&sprefix=ba%2Caps%2C283&sr=8-13,"Lenovo 15.6"" (39.62cm) Slim Everyday Backpack, Made in India, Compact, Water-resistant, Organized storage:Laptop sleeve,tablet pocket,front workstation,2-side pockets,Padded adjustable shoulder straps",₹839,4.3,"3,661",Not available,Not available,Not available
https://www.amazon.in/ADISA-Laptop-Backpack-Office-College/dp/B09TPX22NF/ref=sr_1_14?crid=2M096C61O4MLT&keywords=bags&qid=1689951530&sprefix=ba%2Caps%2C283&sr=8-14,ADISA 15.6 inch Laptop Backpack Office Bag College Travel Back Pack 32 Ltrs (z-Navy Blue),₹549,3.9,"1,008",Not available,Not available,Not available
https://www.amazon.in/GEAR-Black-Blue-Backpack-years/dp/B019HA8AYG/ref=sr_1_15?crid=2M096C61O4MLT&keywords=bags&qid=1689951530&sprefix=ba%2Caps%2C283&sr=8-15,Gear CarryOn 16L Foldable Water Resistant School Bag//Backpack/College Bag for Men/Women - Blue Black,₹229,3.7,"6,818",Not available,Not available,Not available
https://www.amazon.in/NORTH-ZONE-Waterproof-Backpack-Dimensions/dp/B0BS6QQZYN/ref=sr_1_16?crid=2M096C61O4MLT&keywords=bags&qid=1689951530&sprefix=ba%2Caps%2C283&sr=8-16,NORTH ZONE Casual Waterproof Laptop Backpack/Office Bag/School Bag/College Bag/Business Bag/Travel Backpack (Dimensions:13x18 inches) (Compatible with 39.62cm(15.6inch laptop) 30 L,₹499,4.0,469,Not available,Not available,Not available
https://www.amazon.in/American-Tourister-AMT-SCH-02/dp/B07CJCGM1M/ref=sr_1_1?crid=2M096C61O4MLT&keywords=bags&qid=1689951557&sprefix=ba%2Caps%2C283&sr=8-1,American Tourister Fizz Large Size 32 Ltrs Casual Backpack (BLACK),"₹1,199",4.0,"54,966",Not available,Not available,Not available
https://www.amazon.in/Wesley-Milestone-Waterproof-Backpack-Business/dp/B084JGJ8PF/ref=ice_ac_b_dpb?crid=2M096C61O4MLT&keywords=bags&qid=1689951557&sprefix=ba%2Caps%2C283&sr=8-2,Wesley Milestone 2.0 Casual Waterproof Laptop Backpack/Office Bag/School Bag/College Bag/Business Bag/Travel Backpack (Dimensions:13x18 inches) (Compatible with 39.62cm(15.6inch laptop) 30 L (Blue & black),₹550,4.3,"11,800",Not available,Not available,Not available
https://www.amazon.in/Skybags-Brat-Black-Casual-Backpack/dp/B08Z1HHHTD/ref=sr_1_3?crid=2M096C61O4MLT&keywords=bags&qid=1689951557&sprefix=ba%2Caps%2C283&sr=8-3,Skybags Brat Black 46 Cms Casual Backpack,₹669,4.1,"5,158",Not available,Not available,Not available
https://www.amazon.in/Half-Moon-Waterproof-Backpack-Students/dp/B085MHDJ93/ref=sr_1_4?crid=2M096C61O4MLT&keywords=bags&qid=1689951557&sprefix=ba%2Caps%2C283&sr=8-4,"Half Moon 35 Ltrs Water Resistant 15.6 inch Laptop Bag for Men/Backpack for Men, Navy Blue | Office Bag for Men/Office Bag for Women with Padded Laptop Compartment | Rain Cover & Reflective Strips",₹649,3.9,"16,557",Not available,Not available,Not available
https://www.amazon.in/Half-Moon-Backpack-Luggage-Compartment/dp/B09VCLZ3K4/ref=sr_1_5?crid=2M096C61O4MLT&keywords=bags&qid=1689951557&sprefix=ba%2Caps%2C283&sr=8-5,Half Moon Large 37L Laptop Bag Backpack for menं Women Boys and Girls Luggage Travel Bags with 17.3 inches Laptop Compartment & Rain Cover,₹849,3.9,"3,204",Not available,Not available,Not available
https://www.amazon.in/gp/bestsellers/computers/1375464031/ref=sr_bs_5_1375464031_1,"American Tourister VALEX BLACK LAPTOP BACKPACK 28 Ltrs,Volume, LAPTOP COMPARTMENT, BOTTLE POCKET, FRONT ORGANIZER","₹1,199",4.3,538,Not available,Not available,Not available
https://www.amazon.in/Wesley-Spartan-Hiking-Raincover-Organiser/dp/B098QFF5TJ/ref=sr_1_7?crid=2M096C61O4MLT&keywords=bags&qid=1689951557&sprefix=ba%2Caps%2C283&sr=8-7,Wesley Spartan Unisex Travel Hiking Laptop Bag fits Upto 17.3 inch with Raincover and Internal Organiser Backpack Rucksack College Bag,₹749,4.1,"1,542",Not available,Not available,Not available
https://www.amazon.in/Hammonds-Flycatcher-Leather-Messenger-LB190BRN/dp/B083M1QK32/ref=sr_1_8?crid=2M096C61O4MLT&keywords=bags&qid=1689951557&sprefix=ba%2Caps%2C283&sr=8-8,HAMMONDS FLYCATCHER Laptop Bag for Men - Genuine Leather Messenger Shoulder Bag - Fits 14/15.6/16 Inch Laptops - Brown Office Bag - Multiple Pockets -Water Resistant -Executive Bag for Work and Travel,"₹5,255",4.4,570,Not available,Not available,Visit the HAMMONDS FLYCATCHER Store
https://www.amazon.in/Gear-Classic-Leather-Backpack-LBPCLSLTH0201/dp/B07G4F6XFH/ref=sr_1_9?crid=2M096C61O4MLT&keywords=bags&qid=1689951557&sprefix=ba%2Caps%2C283&sr=8-9,Gear Classic 20L Faux Leather Water Resistant Anti Theft Laptop Bag/Backpack for Men/Women (Brown),₹987,4.4,"5,911",Not available,Not available,Not available
https://www.amazon.in/SAFARI-Ltrs-Casual-Backpack-DAYPACKNEO15CBSEB/dp/B07Q7CNPMV/ref=sr_1_10?crid=2M096C61O4MLT&keywords=bags&qid=1689951557&sprefix=ba%2Caps%2C283&sr=8-10,Safari Compact Size 15 Ltrs Casual Backpack For Unisex Adult - Sea Blue,₹248,4.0,"19,962",Not available,Not available,Visit the Safari Store
https://www.amazon.in/TRUE-HUMAN-Anti-Theft-backpack-charging/dp/B09QJ7ZF2Y/ref=sr_1_11?crid=2M096C61O4MLT&keywords=bags&qid=1689951557&sprefix=ba%2Caps%2C283&sr=8-11,"TRUE HUMAN Emperor Anti-Theft backpack With USB charging Port Laptop Bag, Office bag, college bag and anti -theft back pocket (Black)",₹689,3.8,"2,297",Not available,Not available,Not available
https://www.amazon.in/Gear-Black-Laptop-Backpack-LBPASPIRE0104/dp/B075MK4TXP/ref=sr_1_12?crid=2M096C61O4MLT&keywords=bags&qid=1689951557&sprefix=ba%2Caps%2C283&sr=8-12,Gear Cello 30 Ltrs Black Laptop Backpack (LBPASPIRE0104),"₹1,125",4.4,"5,889",Not available,Not available,Not available
https://www.amazon.in/Lenovo-15-6-Inches-Everyday-Backpack/dp/B08R7RPVJF/ref=sr_1_13?crid=2M096C61O4MLT&keywords=bags&qid=1689951557&sprefix=ba%2Caps%2C283&sr=8-13,"Lenovo 15.6"" (39.62cm) Slim Everyday Backpack, Made in India, Compact, Water-resistant, Organized storage:Laptop sleeve,tablet pocket,front workstation,2-side pockets,Padded adjustable shoulder straps",₹839,4.3,"3,661",Not available,Not available,Not available
https://www.amazon.in/ADISA-Laptop-Backpack-Office-College/dp/B09TPX22NF/ref=sr_1_14?crid=2M096C61O4MLT&keywords=bags&qid=1689951557&sprefix=ba%2Caps%2C283&sr=8-14,ADISA 15.6 inch Laptop Backpack Office Bag College Travel Back Pack 32 Ltrs (z-Navy Blue),₹549,3.9,"1,008",Not available,Not available,Not available
https://www.amazon.in/GEAR-Black-Blue-Backpack-years/dp/B019HA8AYG/ref=sr_1_15?crid=2M096C61O4MLT&keywords=bags&qid=1689951557&sprefix=ba%2Caps%2C283&sr=8-15,Gear CarryOn 16L Foldable Water Resistant School Bag//Backpack/College Bag for Men/Women - Blue Black,₹229,3.7,"6,818",Not available,Not available,Not available
https://www.amazon.in/Swisslook-Polyester-15-6-inch-Backpack-Waterproof/dp/B07XYTZP4Z/ref=sr_1_16?crid=2M096C61O4MLT&keywords=bags&qid=1689951557&sprefix=ba%2Caps%2C283&sr=8-16,Red Lemon Swisslook Polyester Bange Series 45L 15.6-inch Laptop Bags Backpack for Men and Women Semi Waterproof USB with Anti Theft Pocket Travel Backpack,"₹2,839",4.3,"1,699",Not available,Not available,Not available
https://www.amazon.in/American-Tourister-AMT-SCH-02/dp/B07CJCGM1M/ref=sr_1_1?crid=2M096C61O4MLT&keywords=bags&qid=1689951596&sprefix=ba%2Caps%2C283&sr=8-1,American Tourister Fizz Large Size 32 Ltrs Casual Backpack (BLACK),"₹1,199",4.0,"54,966",Not available,Not available,Not available
https://www.amazon.in/Wesley-Milestone-Waterproof-Backpack-Business/dp/B084JGJ8PF/ref=ice_ac_b_dpb?crid=2M096C61O4MLT&keywords=bags&qid=1689951596&sprefix=ba%2Caps%2C283&sr=8-2,Wesley Milestone 2.0 Casual Waterproof Laptop Backpack/Office Bag/School Bag/College Bag/Business Bag/Travel Backpack (Dimensions:13x18 inches) (Compatible with 39.62cm(15.6inch laptop) 30 L (Blue & black),₹550,4.3,"11,800",Not available,Not available,Not available
https://www.amazon.in/Skybags-Brat-Black-Casual-Backpack/dp/B08Z1HHHTD/ref=sr_1_3?crid=2M096C61O4MLT&keywords=bags&qid=1689951596&sprefix=ba%2Caps%2C283&sr=8-3,Skybags Brat Black 46 Cms Casual Backpack,₹669,4.1,"5,158",Not available,Not available,Not available
https://www.amazon.in/Half-Moon-Waterproof-Backpack-Students/dp/B085MHDJ93/ref=sr_1_4?crid=2M096C61O4MLT&keywords=bags&qid=1689951596&sprefix=ba%2Caps%2C283&sr=8-4,"Half Moon 35 Ltrs Water Resistant 15.6 inch Laptop Bag for Men/Backpack for Men, Navy Blue | Office Bag for Men/Office Bag for Women with Padded Laptop Compartment | Rain Cover & Reflective Strips",₹649,3.9,"16,557",Not available,Not available,Not available
https://www.amazon.in/Half-Moon-Backpack-Luggage-Compartment/dp/B09VCLZ3K4/ref=sr_1_5?crid=2M096C61O4MLT&keywords=bags&qid=1689951596&sprefix=ba%2Caps%2C283&sr=8-5,Half Moon Large 37L Laptop Bag Backpack for menं Women Boys and Girls Luggage Travel Bags with 17.3 inches Laptop Compartment & Rain Cover,₹849,3.9,"3,204",Not available,Not available,Not available
https://www.amazon.in/gp/bestsellers/computers/1375464031/ref=sr_bs_5_1375464031_1,"American Tourister VALEX BLACK LAPTOP BACKPACK 28 Ltrs,Volume, LAPTOP COMPARTMENT, BOTTLE POCKET, FRONT ORGANIZER","₹1,199",4.3,538,Not available,Not available,Not available
https://www.amazon.in/Wesley-Spartan-Hiking-Raincover-Organiser/dp/B098QFF5TJ/ref=sr_1_7?crid=2M096C61O4MLT&keywords=bags&qid=1689951596&sprefix=ba%2Caps%2C283&sr=8-7,Wesley Spartan Unisex Travel Hiking Laptop Bag fits Upto 17.3 inch with Raincover and Internal Organiser Backpack Rucksack College Bag,₹749,4.1,"1,542",Not available,Not available,Not available
https://www.amazon.in/Hammonds-Flycatcher-Leather-Messenger-LB190BRN/dp/B083M1QK32/ref=sr_1_8?crid=2M096C61O4MLT&keywords=bags&qid=1689951596&sprefix=ba%2Caps%2C283&sr=8-8,HAMMONDS FLYCATCHER Laptop Bag for Men - Genuine Leather Messenger Shoulder Bag - Fits 14/15.6/16 Inch Laptops - Brown Office Bag - Multiple Pockets -Water Resistant -Executive Bag for Work and Travel,"₹5,255",4.4,570,Not available,Not available,Visit the HAMMONDS FLYCATCHER Store
https://www.amazon.in/Gear-Classic-Leather-Backpack-LBPCLSLTH0201/dp/B07G4F6XFH/ref=sr_1_9?crid=2M096C61O4MLT&keywords=bags&qid=1689951596&sprefix=ba%2Caps%2C283&sr=8-9,Gear Classic 20L Faux Leather Water Resistant Anti Theft Laptop Bag/Backpack for Men/Women (Brown),₹987,4.4,"5,911",Not available,Not available,Not available
https://www.amazon.in/SAFARI-Ltrs-Casual-Backpack-DAYPACKNEO15CBSEB/dp/B07Q7CNPMV/ref=sr_1_10?crid=2M096C61O4MLT&keywords=bags&qid=1689951596&sprefix=ba%2Caps%2C283&sr=8-10,Safari Compact Size 15 Ltrs Casual Backpack For Unisex Adult - Sea Blue,₹248,4.0,"19,962",Not available,Not available,Not available
https://www.amazon.in/Gear-Black-Laptop-Backpack-LBPASPIRE0104/dp/B075MK4TXP/ref=sr_1_11?crid=2M096C61O4MLT&keywords=bags&qid=1689951596&sprefix=ba%2Caps%2C283&sr=8-11,Gear Cello 30 Ltrs Black Laptop Backpack (LBPASPIRE0104),"₹1,125",4.4,"5,889",Not available,Not available,Not available
https://www.amazon.in/TRUE-HUMAN-Anti-Theft-backpack-charging/dp/B09QJ7ZF2Y/ref=sr_1_12?crid=2M096C61O4MLT&keywords=bags&qid=1689951596&sprefix=ba%2Caps%2C283&sr=8-12,"TRUE HUMAN Emperor Anti-Theft backpack With USB charging Port Laptop Bag, Office bag, college bag and anti -theft back pocket (Black)",₹689,3.8,"2,297",Not available,Not available,Not available
https://www.amazon.in/Lenovo-15-6-Inches-Everyday-Backpack/dp/B08R7RPVJF/ref=sr_1_13?crid=2M096C61O4MLT&keywords=bags&qid=1689951596&sprefix=ba%2Caps%2C283&sr=8-13,"Lenovo 15.6"" (39.62cm) Slim Everyday Backpack, Made in India, Compact, Water-resistant, Organized storage:Laptop sleeve,tablet pocket,front workstation,2-side pockets,Padded adjustable shoulder straps",₹839,4.3,"3,661",Not available,Not available,Not available
https://www.amazon.in/ADISA-Laptop-Backpack-Office-College/dp/B09TPX22NF/ref=sr_1_14?crid=2M096C61O4MLT&keywords=bags&qid=1689951596&sprefix=ba%2Caps%2C283&sr=8-14,ADISA 15.6 inch Laptop Backpack Office Bag College Travel Back Pack 32 Ltrs (z-Navy Blue),₹549,3.9,"1,008",Not available,Not available,Not available
https://www.amazon.in/GEAR-Black-Blue-Backpack-years/dp/B019HA8AYG/ref=sr_1_15?crid=2M096C61O4MLT&keywords=bags&qid=1689951596&sprefix=ba%2Caps%2C283&sr=8-15,Gear CarryOn 16L Foldable Water Resistant School Bag//Backpack/College Bag for Men/Women - Blue Black,₹229,3.7,"6,818",Not available,Not available,Not available
https://www.amazon.in/NORTH-ZONE-Waterproof-Backpack-Dimensions/dp/B0BS6QQZYN/ref=sr_1_16?crid=2M096C61O4MLT&keywords=bags&qid=1689951596&sprefix=ba%2Caps%2C283&sr=8-16,NORTH ZONE Casual Waterproof Laptop Backpack/Office Bag/School Bag/College Bag/Business Bag/Travel Backpack (Dimensions:13x18 inches) (Compatible with 39.62cm(15.6inch laptop) 30 L,₹499,4.0,469,Not available,Not available,Not available
https://www.amazon.in/American-Tourister-AMT-SCH-02/dp/B07CJCGM1M/ref=sr_1_1?crid=2M096C61O4MLT&keywords=bags&qid=1689951626&sprefix=ba%2Caps%2C283&sr=8-1,American Tourister Fizz Large Size 32 Ltrs Casual Backpack (BLACK),"₹1,199",4.0,"54,966",Not available,Not available,Not available
https://www.amazon.in/Wesley-Milestone-Waterproof-Backpack-Business/dp/B084JGJ8PF/ref=ice_ac_b_dpb?crid=2M096C61O4MLT&keywords=bags&qid=1689951626&sprefix=ba%2Caps%2C283&sr=8-2,Wesley Milestone 2.0 Casual Waterproof Laptop Backpack/Office Bag/School Bag/College Bag/Business Bag/Travel Backpack (Dimensions:13x18 inches) (Compatible with 39.62cm(15.6inch laptop) 30 L (Blue & black),₹550,4.3,"11,800",Not available,Not available,Not available
https://www.amazon.in/Skybags-Brat-Black-Casual-Backpack/dp/B08Z1HHHTD/ref=sr_1_3?crid=2M096C61O4MLT&keywords=bags&qid=1689951626&sprefix=ba%2Caps%2C283&sr=8-3,Skybags Brat Black 46 Cms Casual Backpack,₹669,4.1,"5,158",Not available,Not available,Not available
https://www.amazon.in/Half-Moon-Waterproof-Backpack-Students/dp/B085MHDJ93/ref=sr_1_4?crid=2M096C61O4MLT&keywords=bags&qid=1689951626&sprefix=ba%2Caps%2C283&sr=8-4,"Half Moon 35 Ltrs Water Resistant 15.6 inch Laptop Bag for Men/Backpack for Men, Navy Blue | Office Bag for Men/Office Bag for Women with Padded Laptop Compartment | Rain Cover & Reflective Strips",₹649,3.9,"16,557",Not available,Not available,Not available
https://www.amazon.in/Half-Moon-Backpack-Luggage-Compartment/dp/B09VCLZ3K4/ref=sr_1_5?crid=2M096C61O4MLT&keywords=bags&qid=1689951626&sprefix=ba%2Caps%2C283&sr=8-5,Half Moon Large 37L Laptop Bag Backpack for menं Women Boys and Girls Luggage Travel Bags with 17.3 inches Laptop Compartment & Rain Cover,₹849,3.9,"3,204",Not available,Not available,Not available
https://www.amazon.in/gp/bestsellers/computers/1375464031/ref=sr_bs_5_1375464031_1,"American Tourister VALEX BLACK LAPTOP BACKPACK 28 Ltrs,Volume, LAPTOP COMPARTMENT, BOTTLE POCKET, FRONT ORGANIZER","₹1,199",4.3,538,Not available,Not available,Not available
https://www.amazon.in/Wesley-Spartan-Hiking-Raincover-Organiser/dp/B098QFF5TJ/ref=sr_1_7?crid=2M096C61O4MLT&keywords=bags&qid=1689951626&sprefix=ba%2Caps%2C283&sr=8-7,Wesley Spartan Unisex Travel Hiking Laptop Bag fits Upto 17.3 inch with Raincover and Internal Organiser Backpack Rucksack College Bag,₹749,4.1,"1,542",Not available,Not available,Not available
https://www.amazon.in/Hammonds-Flycatcher-Leather-Messenger-LB190BRN/dp/B083M1QK32/ref=sr_1_8?crid=2M096C61O4MLT&keywords=bags&qid=1689951626&sprefix=ba%2Caps%2C283&sr=8-8,HAMMONDS FLYCATCHER Laptop Bag for Men - Genuine Leather Messenger Shoulder Bag - Fits 14/15.6/16 Inch Laptops - Brown Office Bag - Multiple Pockets -Water Resistant -Executive Bag for Work and Travel,"₹5,255",4.4,570,Not available,Not available,Not available
https://www.amazon.in/Gear-Classic-Leather-Backpack-LBPCLSLTH0201/dp/B07G4F6XFH/ref=sr_1_9?crid=2M096C61O4MLT&keywords=bags&qid=1689951626&sprefix=ba%2Caps%2C283&sr=8-9,Gear Classic 20L Faux Leather Water Resistant Anti Theft Laptop Bag/Backpack for Men/Women (Brown),₹987,4.4,"5,911",Not available,Not available,Not available
https://www.amazon.in/SAFARI-Ltrs-Casual-Backpack-DAYPACKNEO15CBSEB/dp/B07Q7CNPMV/ref=sr_1_10?crid=2M096C61O4MLT&keywords=bags&qid=1689951626&sprefix=ba%2Caps%2C283&sr=8-10,Safari Compact Size 15 Ltrs Casual Backpack For Unisex Adult - Sea Blue,₹248,4.0,"19,962",Not available,Not available,Not available
https://www.amazon.in/TRUE-HUMAN-Anti-Theft-backpack-charging/dp/B09QJ7ZF2Y/ref=sr_1_11?crid=2M096C61O4MLT&keywords=bags&qid=1689951626&sprefix=ba%2Caps%2C283&sr=8-11,"TRUE HUMAN Emperor Anti-Theft backpack With USB charging Port Laptop Bag, Office bag, college bag and anti -theft back pocket (Black)",₹689,3.8,"2,297",Not available,Not available,Not available
https://www.amazon.in/Gear-Black-Laptop-Backpack-LBPASPIRE0104/dp/B075MK4TXP/ref=sr_1_12?crid=2M096C61O4MLT&keywords=bags&qid=1689951626&sprefix=ba%2Caps%2C283&sr=8-12,Gear Cello 30 Ltrs Black Laptop Backpack (LBPASPIRE0104),"₹1,125",4.4,"5,889",Not available,Not available,Not available
https://www.amazon.in/Lenovo-15-6-Inches-Everyday-Backpack/dp/B08R7RPVJF/ref=sr_1_13?crid=2M096C61O4MLT&keywords=bags&qid=1689951626&sprefix=ba%2Caps%2C283&sr=8-13,"Lenovo 15.6"" (39.62cm) Slim Everyday Backpack, Made in India, Compact, Water-resistant, Organized storage:Laptop sleeve,tablet pocket,front workstation,2-side pockets,Padded adjustable shoulder straps",₹839,4.3,"3,661",Not available,Not available,Not available
https://www.amazon.in/ADISA-Laptop-Backpack-Office-College/dp/B09TPX22NF/ref=sr_1_14?crid=2M096C61O4MLT&keywords=bags&qid=1689951626&sprefix=ba%2Caps%2C283&sr=8-14,ADISA 15.6 inch Laptop Backpack Office Bag College Travel Back Pack 32 Ltrs (z-Navy Blue),₹549,3.9,"1,008",Not available,Not available,Not available
https://www.amazon.in/GEAR-Black-Blue-Backpack-years/dp/B019HA8AYG/ref=sr_1_15?crid=2M096C61O4MLT&keywords=bags&qid=1689951626&sprefix=ba%2Caps%2C283&sr=8-15,Gear CarryOn 16L Foldable Water Resistant School Bag//Backpack/College Bag for Men/Women - Blue Black,₹229,3.7,"6,818",Not available,Not available,Not available
https://www.amazon.in/NORTH-ZONE-Waterproof-Backpack-Dimensions/dp/B0BS6QQZYN/ref=sr_1_16?crid=2M096C61O4MLT&keywords=bags&qid=1689951626&sprefix=ba%2Caps%2C283&sr=8-16,NORTH ZONE Casual Waterproof Laptop Backpack/Office Bag/School Bag/College Bag/Business Bag/Travel Backpack (Dimensions:13x18 inches) (Compatible with 39.62cm(15.6inch laptop) 30 L,₹499,4.0,469,Not available,Not available,Not available
https://www.amazon.in/American-Tourister-AMT-SCH-02/dp/B07CJCGM1M/ref=sr_1_1?crid=2M096C61O4MLT&keywords=bags&qid=1689951652&sprefix=ba%2Caps%2C283&sr=8-1,American Tourister Fizz Large Size 32 Ltrs Casual Backpack (BLACK),"₹1,199",4.0,"54,966",Not available,Not available,Not available
https://www.amazon.in/Wesley-Milestone-Waterproof-Backpack-Business/dp/B084JGJ8PF/ref=ice_ac_b_dpb?crid=2M096C61O4MLT&keywords=bags&qid=1689951652&sprefix=ba%2Caps%2C283&sr=8-2,Wesley Milestone 2.0 Casual Waterproof Laptop Backpack/Office Bag/School Bag/College Bag/Business Bag/Travel Backpack (Dimensions:13x18 inches) (Compatible with 39.62cm(15.6inch laptop) 30 L (Blue & black),₹550,4.3,"11,800",Not available,Not available,Not available
https://www.amazon.in/Skybags-Brat-Black-Casual-Backpack/dp/B08Z1HHHTD/ref=sr_1_3?crid=2M096C61O4MLT&keywords=bags&qid=1689951652&sprefix=ba%2Caps%2C283&sr=8-3,Skybags Brat Black 46 Cms Casual Backpack,₹669,4.1,"5,158",Not available,Not available,Not available
https://www.amazon.in/Half-Moon-Waterproof-Backpack-Students/dp/B085MHDJ93/ref=sr_1_4?crid=2M096C61O4MLT&keywords=bags&qid=1689951652&sprefix=ba%2Caps%2C283&sr=8-4,"Half Moon 35 Ltrs Water Resistant 15.6 inch Laptop Bag for Men/Backpack for Men, Navy Blue | Office Bag for Men/Office Bag for Women with Padded Laptop Compartment | Rain Cover & Reflective Strips",₹649,3.9,"16,557",Not available,Not available,Not available
https://www.amazon.in/Half-Moon-Backpack-Luggage-Compartment/dp/B09VCLZ3K4/ref=sr_1_5?crid=2M096C61O4MLT&keywords=bags&qid=1689951652&sprefix=ba%2Caps%2C283&sr=8-5,Half Moon Large 37L Laptop Bag Backpack for menं Women Boys and Girls Luggage Travel Bags with 17.3 inches Laptop Compartment & Rain Cover,₹849,3.9,"3,204",Not available,Not available,Not available
https://www.amazon.in/gp/bestsellers/computers/1375464031/ref=sr_bs_5_1375464031_1,"American Tourister VALEX BLACK LAPTOP BACKPACK 28 Ltrs,Volume, LAPTOP COMPARTMENT, BOTTLE POCKET, FRONT ORGANIZER","₹1,199",4.3,538,Not available,Not available,Not available
https://www.amazon.in/Wesley-Spartan-Hiking-Raincover-Organiser/dp/B098QFF5TJ/ref=sr_1_7?crid=2M096C61O4MLT&keywords=bags&qid=1689951652&sprefix=ba%2Caps%2C283&sr=8-7,Wesley Spartan Unisex Travel Hiking Laptop Bag fits Upto 17.3 inch with Raincover and Internal Organiser Backpack Rucksack College Bag,₹749,4.1,"1,542",Not available,Not available,Not available
https://www.amazon.in/Hammonds-Flycatcher-Leather-Messenger-LB190BRN/dp/B083M1QK32/ref=sr_1_8?crid=2M096C61O4MLT&keywords=bags&qid=1689951652&sprefix=ba%2Caps%2C283&sr=8-8,HAMMONDS FLYCATCHER Laptop Bag for Men - Genuine Leather Messenger Shoulder Bag - Fits 14/15.6/16 Inch Laptops - Brown Office Bag - Multiple Pockets -Water Resistant -Executive Bag for Work and Travel,"₹5,255",4.4,570,Not available,Not available,Not available
https://www.amazon.in/Gear-Classic-Leather-Backpack-LBPCLSLTH0201/dp/B07G4F6XFH/ref=sr_1_9?crid=2M096C61O4MLT&keywords=bags&qid=1689951652&sprefix=ba%2Caps%2C283&sr=8-9,Gear Classic 20L Faux Leather Water Resistant Anti Theft Laptop Bag/Backpack for Men/Women (Brown),₹987,4.4,"5,911",Not available,Not available,Not available
https://www.amazon.in/SAFARI-Ltrs-Casual-Backpack-DAYPACKNEO15CBSEB/dp/B07Q7CNPMV/ref=sr_1_10?crid=2M096C61O4MLT&keywords=bags&qid=1689951652&sprefix=ba%2Caps%2C283&sr=8-10,Safari Compact Size 15 Ltrs Casual Backpack For Unisex Adult - Sea Blue,₹248,4.0,"19,962",Not available,Not available,Not available
https://www.amazon.in/TRUE-HUMAN-Anti-Theft-backpack-charging/dp/B09QJ7ZF2Y/ref=sr_1_11?crid=2M096C61O4MLT&keywords=bags&qid=1689951652&sprefix=ba%2Caps%2C283&sr=8-11,"TRUE HUMAN Emperor Anti-Theft backpack With USB charging Port Laptop Bag, Office bag, college bag and anti -theft back pocket (Black)",₹689,3.8,"2,297",Not available,Not available,Not available
https://www.amazon.in/Gear-Black-Laptop-Backpack-LBPASPIRE0104/dp/B075MK4TXP/ref=sr_1_12?crid=2M096C61O4MLT&keywords=bags&qid=1689951652&sprefix=ba%2Caps%2C283&sr=8-12,Gear Cello 30 Ltrs Black Laptop Backpack (LBPASPIRE0104),"₹1,125",4.4,"5,889",Not available,Not available,Not available
https://www.amazon.in/Lenovo-15-6-Inches-Everyday-Backpack/dp/B08R7RPVJF/ref=sr_1_13?crid=2M096C61O4MLT&keywords=bags&qid=1689951652&sprefix=ba%2Caps%2C283&sr=8-13,"Lenovo 15.6"" (39.62cm) Slim Everyday Backpack, Made in India, Compact, Water-resistant, Organized storage:Laptop sleeve,tablet pocket,front workstation,2-side pockets,Padded adjustable shoulder straps",₹839,4.3,"3,661",Not available,Not available,Not available
https://www.amazon.in/ADISA-Laptop-Backpack-Office-College/dp/B09TPX22NF/ref=sr_1_14?crid=2M096C61O4MLT&keywords=bags&qid=1689951652&sprefix=ba%2Caps%2C283&sr=8-14,ADISA 15.6 inch Laptop Backpack Office Bag College Travel Back Pack 32 Ltrs (z-Navy Blue),₹549,3.9,"1,008",Not available,Not available,Not available
https://www.amazon.in/GEAR-Black-Blue-Backpack-years/dp/B019HA8AYG/ref=sr_1_15?crid=2M096C61O4MLT&keywords=bags&qid=1689951652&sprefix=ba%2Caps%2C283&sr=8-15,Gear CarryOn 16L Foldable Water Resistant School Bag//Backpack/College Bag for Men/Women - Blue Black,₹229,3.7,"6,818",Not available,Not available,Not available
https://www.amazon.in/Swisslook-Polyester-15-6-inch-Backpack-Waterproof/dp/B07XYTZP4Z/ref=sr_1_16?crid=2M096C61O4MLT&keywords=bags&qid=1689951652&sprefix=ba%2Caps%2C283&sr=8-16,Red Lemon Swisslook Polyester Bange Series 45L 15.6-inch Laptop Bags Backpack for Men and Women Semi Waterproof USB with Anti Theft Pocket Travel Backpack,"₹2,839",4.3,"1,699",Not available,Not available,Not available
